,word,freq,meaning
0,de,8435682,of
1,je,8308698,is
2,est,6942248,East
3,pas,5833676,not
4,le,5305591,the
5,que,5083052,what
6,la,4825603,the
7,vous,4500162,YOU
8,tu,4434920,that
9,un,4360896,and
10,c',4184576,c'
11,à,4119959,has
12,et,4110855,And
13,il,4025241,The
14,a,3679682,a
15,l',3675406,l'
16,ne,3343288,it is
17,les,3046663,THE
18,j',2981242,j'
19,en,2925411,in
20,on,2756346,on
21,ça,2742676,That
22,une,2717481,a
23,d',2603041,d'
24,ce,2533544,This
25,qu',2520219,that
26,pour,2475533,For
27,ai,2437065,it
28,n',2300252,n'
29,des,1902327,of the
30,qui,1665879,Who
31,mais,1641141,more
32,dans,1508883,In
33,nous,1504467,We
34,elle,1476885,She
35,me,1446772,me
36,bien,1438129,GOOD
37,si,1409401,and
38,du,1337227,of
39,y,1320695,and
40,suis,1303070,am
41,non,1290498,non
42,t',1257857,t'
43,avec,1256800,with
44,tout,1243107,All
45,plus,1214520,plus
46,mon,1195613,My
47,m',1141238,m'
48,te,1127735,the
49,au,1109359,At
50,fait,1054966,do
51,moi,1048758,moi
52,s',1037629,s'
53,oui,1001703,Yes
54,va,989526,and
55,était,985841,was
56,as,974673,as
57,faire,966573,TO DO
58,ils,945659,they
59,sur,939169,on
60,quoi,894291,What
61,se,867737,with
62,comme,864987,as
63,sais,851748,know
64,être,743252,be
65,veux,738917,want
66,ici,725494,here
67,ma,716527,and
68,toi,707904,You
69,est-ce,707256,is it
70,dit,701414,it
71,lui,689708,his
72,votre,677006,your
73,es,662531,is
74,pourquoi,657070,Why
75,où,643564,Or
76,là,643024,To be
77,rien,638070,Nothing
78,cette,626319,this
79,sont,609102,are
80,quand,598113,When
81,peux,594578,can
82,dire,586553,say
83,son,585229,son
84,avez,552796,have
85,vais,542593,go
86,alors,542173,SO
87,ton,540446,ton
88,comment,528569,comment
89,par,519463,about
90,ou,497358,or
91,chose,490339,chose
92,bon,483364,right
93,ont,471659,have
94,merci,471415,THANKS
95,juste,465932,just
96,très,462324,very
97,jamais,436873,Never
98,été,432574,summer
99,aussi,427827,Also
100,avoir,427178,to have
101,vraiment,423339,Really
102,voir,419803,see
103,même,411247,even
104,sa,408233,on
105,oh,408070,oh
106,maintenant,402585,NOW
107,tous,399645,all
108,peut,393199,can
109,deux,388269,two
110,ces,388071,these
111,êtes,376665,are
112,allez,374660,Go on
113,ta,373455,facing
114,autre,370961,other
115,peu,354756,little
116,temps,354330,time
117,quelque,353553,some
118,fais,353373,do 
119,toujours,345760,always
120,encore,342386,Again
121,notre,339810,OUR
122,mes,332672,We
123,besoin,329446,need
124,avait,320073,had
125,accord,315183,accord
126,faut,313023,must
127,dois,310780,two
128,vie,310140,life
129,peut-être,306785,maybe
130,aller,303502,go
131,fois,297685,times
132,vu,290541,of
133,donc,281973,SO
134,sans,281163,without
135,monde,277005,world
136,étais,276408,is
137,parce,273723,because
138,avant,272706,Before
139,sûr,271047,on
140,trop,265575,too much
141,quelqu',265286,someone
142,parler,262709,talk
143,personne,260005,person
144,avais,257602,had
145,père,257456,father
146,crois,251561,believe
147,après,250383,After
148,aux,244896,to
149,dieu,242078,God
150,ouais,241407,Yeah
151,ses,240780,his
152,pense,240390,think
153,eu,238206,eu
154,aime,237696,love
155,leur,236536,their
156,homme,236357,man
157,viens,233234,single
158,vrai,233001,TRUE
159,femme,232974,women
160,ok,228115,ok
161,doit,227951,must
162,veut,227166,wanna
163,ans,225795,years
164,m.,223793,m.
165,mal,219886,just
166,chez,218436,at the house of
167,déjà,214718,Already
168,depuis,214022,Since
169,beaucoup,211787,a lot
170,vos,211081,your
171,bonne,209592,Good
172,mort,208796,dead
173,mieux,205274,better
174,vas,203968,your
175,mère,202937,mother
176,sera,202795,will be
177,dis,201949,dis
178,fille,201540,girl
179,tes,199689,pinch
180,gens,198558,people
181,quel,193928,that
182,vois,193613,see 
183,désolé,191841,Sorry
184,ca,189898,that
185,voilà,189677,There
186,avons,186788,have
187,petit,186600,little
188,maison,185035,House
189,soit,179962,either
190,cela,177397,that
191,autres,175480,others
192,toute,174066,all
193,soir,172574,evening
194,passé,172214,pass
195,prendre,170367,take
196,jour,170304,day
197,monsieur,164959,Sir
198,nos,164465,us
199,savoir,163428,know
200,choses,163193,things
201,salut,160990,Health
202,cet,160783,this
203,nom,160549,name
204,argent,159413,money
205,bonjour,156301,Good morning
206,nuit,155789,night
207,raison,153137,reason
208,moins,153102,less
209,arrive,152291,arrive
210,maman,151089,Mom
211,reste,150311,stay
212,moment,149622,moment
213,voulais,149394,wanted
214,seul,149265,alone
215,aider,148607,help
216,air,148370,air
217,entre,147420,in between
218,papa,146818,Boat
219,passe,144680,pass
220,aurais,143292,would have
221,problème,141208,issue
222,ah,140158,like
223,peur,139829,fear
224,regarde,138016,look at
225,voulez,137416,want
226,gars,136154,guys
227,trouvé,135198,find
228,fils,134600,son
229,attends,134144,attends
230,savez,133759,know
231,jusqu',133102,up to
232,trouver,132646,find
233,trois,132625,three
234,assez,132619,enough
235,famille,132352,family
236,dû,132063,of
237,eh,131788,Eh
238,toutes,131387,all
239,plaît,131162,jail
240,pourrait,130894,could
241,travail,130261,work
242,pris,129066,taken
243,pu,128934,could
244,tête,128754,head
245,quelle,128659,those
246,sait,128125,knows
247,sommes,127717,are
248,appelle,127367,call
249,quelques,127034,a few
250,faites,125636,do
251,partir,125282,leave
252,vite,125063,quickly
253,arrête,124854,stopped
254,seule,124521,alone
255,serait,123944,would be
256,voiture,123524,car
257,enfants,123384,children
258,tuer,121829,kill
259,merde,121318,shit
260,hé,121065,hook
261,pendant,121060,during
262,idée,120671,idea
263,chance,120655,chance
264,parle,120341,speak
265,aurait,120181,would have
266,part,119964,part
267,elles,118978,they
268,jours,118455,days
269,grand,117213,grand
270,aujourd'hui,117159,Today
271,venir,116762,come
272,ami,116639,which
273,demain,116541,tomorrow
274,hein,116301,hein
275,tard,115148,late
276,puis,115038,Then
277,truc,114959,thing
278,passer,114718,pass
279,petite,114295,small
280,tant,113917,tant
281,connais,113815,know
282,combien,113220,How much
283,mec,113219,mec
284,sens,112925,sense
285,pouvez,112615,can
286,porte,110258,door
287,sortir,109313,to go out
288,super,108980,super
289,heure,108452,hour
290,contre,108451,against
291,coup,108065,coup
292,comprends,107885,understand
293,entendu,107777,heard
294,vient,107616,come
295,allons,106551,let's go
296,ensemble,106057,ensemble
297,nouveau,105566,new
298,amour,104503,love
299,importe,104429,imported
300,sang,103824,sang
301,désolée,102105,Sorry
302,cas,100615,cas
303,sous,100518,below
304,rester,99983,stay
305,amis,99948,friends
306,prends,99491,take
307,fini,98823,fine
308,hommes,98230,men
309,tué,98218,kill
310,question,97869,question
311,partie,97788,part
312,histoire,97363,history
313,devrais,97220,should
314,aide,96574,aide
315,dernière,96425,last
316,demande,95954,request
317,chercher,95887,seek
318,pensais,95747,thought
319,genre,95698,genre
320,seulement,95569,only
321,police,95229,police
322,car,94921,car
323,mois,94016,month
324,frère,94005,brother
325,laisser,93545,to leave 
326,aucun,93134,none
327,mettre,92980,put
328,eux,92010,them
329,laisse,91272,leave alone
330,chaque,91035,each
331,ville,90067,would
332,arrivé,89653,arrived
333,devrait,89639,should
334,parlé,89232,speak
335,avez-vous,88861,have you got
336,vont,88659,are going
337,longtemps,88619,a long time
338,aucune,87577,none
339,heures,87343,hours
340,bébé,86634,baby
341,place,86562,place
342,revoir,86062,goodbye
343,putain,85798,whore
344,compris,85603,Understood
345,ni,84992,in
346,savais,84626,knew
347,leurs,84050,their
348,étaient,83848,were
349,attention,83667,attention
350,donner,83428,give
351,affaire,83076,affair
352,endroit,82941,place
353,pourrais,82579,could
354,corps,82565,corps
355,façon,82429,way
356,donné,82427,given
357,est-il,82359,is it
358,voici,82156,here is
359,train,82087,train
360,dont,81842,of which
361,écoute,81813,listen
362,yeux,81633,eyes
363,trouve,81473,find
364,pouvoir,81369,power
365,type,81069,type
366,perdu,80940,lost
367,premier,80900,premier
368,première,80647,first
369,côté,80162,side
370,point,80138,point
371,tellement,80089,such
372,main,79961,main
373,tiens,79293,hold
374,sois,79031,be
375,enfant,78904,child
376,vieux,78652,old
377,matin,78600,Morning
378,venu,77238,came
379,pardon,77144,pardon
380,là-bas,76653,is-bas
381,suite,76545,suite
382,vers,76542,towards
383,minutes,76229,minutes
384,demandé,76129,request
385,venez,76029,come
386,devant,75940,in front
387,dr,75475,dr
388,enfin,75391,Finally
389,arrêter,74860,Stop
390,cause,74747,cause
391,nouvelle,74677,new
392,attendez,74608,wait
393,chambre,74591,bedroom
394,droit,74535,right
395,parti,74523,party
396,mis,74511,which
397,eau,74267,water
398,compte,74243,account
399,dirait,74046,would say
400,terre,74029,earth
401,belle,74001,belle
402,espère,73948,hope
403,aimerais,73931,would like to
404,loin,73779,far
405,as-tu,73213,Do you have
406,mari,72921,big
407,donne,72911,women
408,fin,72794,END
409,croire,72465,believe
410,mme,72376,and
411,aura,72059,aura
412,gros,71871,fat
413,boulot,71509,job
414,plutôt,71199,instead
415,chérie,71179,Dear
416,prêt,70737,ready
417,filles,70420,girls
418,bureau,70339,bureau
419,mourir,70130,die
420,hier,69937,here
421,possible,69891,possible
422,jouer,69516,play
423,demander,69293,ask
424,celui,69179,the one
425,voulait,68950,wanted to
426,beau,67782,beau
427,jeune,67609,young
428,euh,67392,uh
429,dehors,67348,out
430,docteur,67286,doctor
431,a-t-il,67118,does he have
432,confiance,67045,trust
433,appeler,67001,to call
434,années,66836,years
435,vérité,66327,truth
436,école,66151,school
437,chef,66020,chef
438,femmes,66013,women
439,propos,65929,about
440,semaine,65429,week
441,vivre,64664,live
442,regardez,64586,look
443,feu,64459,fire
444,journée,63963,daytime
445,madame,63463,madame
446,hey,63364,hey
447,téléphone,62803,phone
448,près,62659,close
449,affaires,62509,business
450,meilleur,62322,best
451,devez,62051,have to
452,dessus,62027,above
453,mains,61954,mains
454,penses,61741,thinking
455,prie,61306,to
456,équipe,61172,team
457,vas-y,61165,and vessel
458,grande,61118,big
459,manger,60951,eat
460,arriver,60824,arrive
461,dur,60815,dur
462,guerre,60533,war
463,ait,60333,belonging
464,appelé,60257,called
465,marche,60060,walk
466,sécurité,59750,security
467,garçon,59725,boy
468,essaie,59674,try
469,important,59641,important
470,dites,59498,say
471,exactement,59442,Exactly
472,font,59434,font
473,fort,59357,fort
474,presque,59183,almost
475,plein,59129,full
476,derrière,59059,behind
477,ben,59042,ben
478,mariage,58910,marriage
479,parents,58708,parents
480,capitaine,58413,captain
481,dernier,58399,last
482,fou,58314,new
483,ceux,58210,those
484,tomber,57627,to fall
485,attendre,57610,to wait for
486,vue,57392,view
487,pensé,57366,think
488,souviens,57155,remember
489,envie,56862,envy
490,fête,56661,party
491,jeu,56566,game
492,génial,56189,awesome
493,pays,55567,pays
494,garde,55293,garde
495,cours,54886,course
496,bientôt,54494,Soon
497,ii,54338,ii
498,numéro,54135,number
499,personnes,54104,people
500,cinq,54092,five
501,parfait,53772,Perfect
502,excusez-moi,53742,excuse me
503,laissé,53626,leave alone
504,ainsi,53523,Thus
505,retour,53349,back
506,semble,53159,seems
507,autant,53097,as much
508,peine,53089,penalty
509,minute,53057,minute
510,essayé,52897,try
511,plan,52873,plan
512,instant,52720,instant
513,serai,52686,lemong
514,prison,52666,prison
515,penser,52612,think
516,essayer,52345,to try
517,prend,52147,takes
518,arme,52139,armed
519,mauvais,52116,bad
520,mot,52103,against
521,travailler,51814,to work
522,quatre,51716,four
523,rentrer,51544,to return
524,regarder,51486,look
525,choix,51014,choice
526,êtes-vous,50919,are you
527,parfois,50714,Sometimes
528,film,50463,film
529,abord,50320,on board
530,voyez,50199,see
531,faute,50187,mistake
532,facile,50015,easy
533,croyais,49992,believed
534,bas,49872,down
535,changer,49767,changer
536,entendre,49655,hear
537,plaisir,49365,pleasure
538,heureux,49316,happy
539,entrer,49076,enter
540,voudrais,49061,would like
541,es-tu,48889,is your
542,propre,48778,own
543,étiez,48770,have been
544,tour,48730,tour
545,fera,48729,will
546,ensuite,48619,Next
547,garder,48491,keep
548,agent,48468,agent
549,allait,48398,was going to
550,lit,48374,lit
551,travaille,48194,work
552,adore,47930,adore
553,amie,47899,friend
554,rendre,47887,give back
555,allons-y,47877,Let's go there
556,route,47877,route
557,lieu,47846,place
558,année,47747,year
559,voit,47662,you can
560,commence,47401,commence
561,service,47219,service
562,devoir,47066,duty
563,attend,46971,attend
564,drôle,46916,funny
565,difficile,46667,difficult
566,sûre,46585,safe
567,pire,46569,worse 
568,pos,46544,pos
569,peuvent,46475,can
570,sujet,46448,subject
571,état,46353,state
572,ceci,46192,this
573,impossible,46058,impossible
574,sorte,45976,sort
575,perdre,45792,lose
576,dollars,45519,dollars
577,voulu,45504,desired
578,morte,45457,death
579,ira,45398,ira
580,faisait,45293,did
581,bizarre,45211,bizarre
582,oublié,44936,forget
583,arrêtez,44843,Stop
584,ferai,44832,will do
585,serais,44830,would be
586,tôt,44694,early
587,inquiète,44638,worry
588,payer,44636,payer
589,coeur,44598,heart
590,dès,44598,of the
591,pouvais,44535,could
592,reviens,44478,come back
593,chien,44449,dog
594,suffit,44353,enough
595,prenez,44352,take
596,pensez,44223,Think
597,café,44063,café
598,calme,44023,calm
599,cherche,43990,look for
600,montrer,43938,to show
601,parles,43864,talk
602,photo,43835,photo
603,ferme,43771,farm
604,problèmes,43735,problems
605,the,43705,the
606,cœur,43691,heart
607,sûrement,43604,certainly
608,verre,43564,glass
609,aimes,43476,likes
610,devons,43474,owe
611,veulent,43466,want
612,doute,43368,doubt
613,musique,43317,music
614,courant,43257,fluent
615,sauf,43211,except
616,moyen,43094,AVERAGE
617,nouvelles,43001,news
618,puis-je,42958,can I
619,avis,42822,notice
620,sauver,42781,save
621,hôpital,42773,hospital
622,questions,42732,questions
623,meurtre,42615,murder
624,sérieux,42566,serious
625,seconde,42558,second
626,trucs,42548,stuff
627,comprendre,42495,to understand
628,allais,42452,alla
629,esprit,42339,spirit
630,cool,42254,cool
631,mlle,42249,Miss
632,marché,42176,walk
633,fous,42174,crazy
634,laisse-moi,42013,leave me
635,haut,42011,high
636,salle,41868,room
637,malade,41746,sick
638,changé,41591,exchange
639,gentil,41586,kind
640,allé,41502,go
641,six,41391,six
642,simple,41316,simple
643,john,41222,john
644,semaines,41083,weeks
645,celle,41072,that
646,jack,41049,jack
647,appris,41022,learned
648,seigneur,40977,lord
649,dîner,40925,dinner
650,sors,40866,source
651,commencé,40850,begin
652,suppose,40694,suppose
653,chemin,40491,path
654,partout,40420,everywhere
655,bras,40381,bras
656,cul,40257,cul
657,prochaine,40242,next
658,visage,39958,face
659,h,39905,h
660,meilleure,39793,best
661,face,39743,face
662,soirée,39649,evening
663,roi,39490,roi
664,surtout,39488,Above all
665,retard,39464,retard
666,écrit,39335,writing
667,livre,39271,book
668,rapport,39270,report
669,chéri,39264,Dear
670,message,39241,message
671,voulez-vous,39216,Do you want
672,vaut,39050,worth
673,ferais,39008,would do
674,morts,38988,dead
675,boire,38949,drink
676,soyez,38926,be
677,président,38910,president
678,plait,38693,plait
679,bois,38577,drink
680,sinon,38576,Otherwise
681,erreur,38428,error
682,new,38345,new
683,ecoute,38316,listen
684,mr,38242,mr
685,rentre,38212,go home
686,rendez-vous,38209,appointment
687,devait,38107,was to
688,revenir,38040,to come back
689,joue,37977,plays
690,pauvre,37944,poor
691,devenir,37910,become
692,s,37881,s
693,rencontrer,37801,meet
694,sort,37668,sort
695,commencer,37646,to start
696,pouvait,37606,could
697,occupe,37524,busy
698,entends,37509,hear
699,souvent,37426,often
700,pièce,37391,piece
701,reçu,37374,received
702,grave,37363,grave
703,mets,37355,mets
704,intérieur,37333,interior
705,honneur,37223,honor
706,dormir,37219,sleep
707,an,37176,an
708,faux,37004,faux
709,messieurs,36835,gentlemen
710,groupe,36747,band
711,rêve,36646,dream
712,carte,36617,map 
713,aviez,36607,had
714,appel,36462,call
715,manque,36432,lack
716,envoyé,36334,sent
717,début,36194,beginning
718,sam,36188,himself
719,puisse,36184,may
720,écoutez,36099,Listen
721,laissez-moi,36081,leave me
722,bonsoir,35996,Good evening
723,content,35995,content
724,secret,35927,secret
725,venue,35831,venue
726,cher,35798,Dear
727,dis-moi,35752,Tell me
728,effet,35720,effect
729,voyons,35712,let's see
730,sac,35663,sac
731,continue,35623,continue
732,acheter,35367,buy
733,voix,35335,voice
734,certains,35311,some
735,occuper,35303,to occupy
736,noël,35247,Christmas
737,gagner,35232,earn
738,grâce,35130,grace
739,maître,35027,master
740,prix,35016,price
741,mauvaise,34877,bad
742,général,34861,general
743,âge,34813,age
744,long,34770,long
745,rue,34669,Street
746,tirer,34659,to pull
747,apprendre,34657,learn
748,cheveux,34619,hair
749,noir,34578,noir
750,promis,34465,promised
751,avaient,34446,had
752,patron,34391,patron
753,avocat,34342,lawyer
754,force,34289,force
755,accident,34178,accident
756,dix,34151,ten
757,probablement,34122,probably
758,laissez,34008,leave
759,bout,33935,bout
760,ordre,33869,order
761,armes,33850,weapons
762,cru,33759,cru
763,déteste,33715,hated
764,retrouver,33686,find
765,millions,33596,millions
766,incroyable,33500,amazing
767,voyage,33467,voyage
768,ailleurs,33452,elsewhere
769,oublie,33375,forget
770,ressemble,33348,looks like
771,bienvenue,33329,Welcome
772,disparu,33306,disappeared
773,protéger,33233,protect
774,utiliser,33138,to use
775,situation,33091,situation
776,petits,33083,small
777,aurai,33057,will have
778,veux-tu,32911,do you want
779,connaissez,32816,know
780,simplement,32775,simply
781,scène,32705,scene
782,sœur,32449,sister
783,prête,32407,ready
784,oncle,32390,uncle
785,devriez,32217,should
786,liste,32199,list
787,soeur,32041,sister
788,complètement,32034,completely
789,dos,31944,of the
790,armée,31939,army
791,paix,31914,peace
792,battre,31889,beat
793,york,31805,york
794,crime,31784,crime
795,anniversaire,31734,birthday
796,finir,31715,finish
797,réussi,31714,successful
798,agit,31654,act
799,i,31645,i
800,retourner,31576,return
801,sale,31573,sale
802,libre,31568,free
803,bouge,31554,move
804,contrôle,31553,control
805,rappelle,31538,remember
806,arrêté,31461,stopped
807,hôtel,31438,hotel
808,idiot,31388,idiot
809,okay,31277,okay
810,rencontré,31211,encounter
811,restez,31133,Stay
812,absolument,31103,absolutely
813,mots,31001,words
814,victime,30971,victim
815,impression,30923,impression
816,décidé,30860,decided
817,sympa,30825,nice
818,pars,30795,pars
819,fasse,30781,do
820,avion,30751,plane
821,bordel,30717,Brothel
822,habitude,30681,habit
823,table,30663,table
824,rouge,30645,rouge
825,système,30622,system
826,photos,30548,photos
827,médecin,30511,doctor
828,seras,30451,will be
829,bateau,30393,boat
830,stupide,30383,stupid
831,faim,30350,hunger
832,autour,30343,around
833,fond,30337,fond
834,surprise,30330,surprise
835,croyez,30274,believe
836,devais,30216,had to
837,ligne,29986,line
838,porter,29973,porter
839,imagine,29930,imagine
840,colère,29833,anger
841,clair,29823,clair
842,seront,29823,will be
843,savait,29819,knew
844,balle,29671,ball
845,gagné,29628,won
846,or,29615,or
847,hors,29603,out
848,magnifique,29550,Magnificent
849,risque,29451,risk
850,terminé,29401,finished
851,su,29297,are
852,heureuse,29291,happy
853,mission,29188,mission
854,jolie,29170,jolie
855,parlez,29154,speak
856,présent,29154,here
857,sorti,29142,got out
858,cadeau,29135,gift
859,expliquer,29117,explain
860,volé,29042,stolen
861,plusieurs,29005,several
862,gauche,29001,LEFT
863,ferait,29000,would do
864,neuf,28997,nine
865,passe-t-il,28932,he passes
866,ouvre,28901,open
867,disais,28816,said
868,dedans,28714,inside
869,disent,28687,say
870,pouvons,28614,can
871,allez-y,28516,Go for it
872,suivre,28472,follow
873,pourra,28408,may
874,inspecteur,28401,inspector
875,réponse,28389,answer
876,lumière,28373,light
877,pieds,28360,feet
878,pote,28346,bear
879,montre,28345,watch
880,pied,28324,foot
881,marcher,28292,to walk
882,charlie,28209,charlie
883,auras,28194,auras
884,envoyer,28172,send
885,vraie,28134,real
886,espèce,28096,species
887,doivent,28094,must
888,allô,27992,Hello
889,pareil,27908,The same
890,vas-tu,27844,Are you going
891,soleil,27823,sun
892,camp,27788,camp
893,fallait,27763,had to
894,coin,27733,coin
895,ignore,27730,ignore
896,moitié,27718,half
897,you,27696,you
898,selon,27696,according to
899,tenir,27689,have
900,grosse,27629,fat
901,vouloir,27622,to want
902,michael,27613,michael
903,vieille,27589,old
904,devenu,27587,became
905,continuer,27438,continue
906,rend,27333,renders
907,sortie,27301,exit
908,recherche,27273,research
909,arrière,27266,back
910,lire,27246,read
911,doucement,27137,gently
912,joli,27123,pretty
913,avance,27109,advance
914,exact,27037,exact
915,disait,26948,said
916,club,26946,club
917,arrivée,26902,arrival
918,tue,26853,tue
919,laquelle,26841,which
920,poser,26762,to set down
921,chaud,26762,hot
922,aimé,26712,love
923,david,26710,david
924,fais-tu,26655,do you do
925,tom,26651,tom
926,professeur,26619,teacher
927,quitter,26615,to leave
928,loi,26556,law
929,tueur,26498,killer
930,donne-moi,26466,give me
931,flics,26459,cops
932,connaître,26455,to know
933,lettre,26437,letter
934,forme,26420,shape
935,connaît,26384,know
936,conseil,26321,advice
937,bar,26306,bar
938,normal,26242,normal
939,danger,26235,danger
940,dangereux,26231,dangerous
941,folle,26212,many
942,jure,26199,jure
943,tiré,26123,drawn
944,essaye,26116,try
945,bonnes,26100,good
946,offre,26091,offer
947,but,26086,but
948,froid,26033,cold
949,allez-vous,25927,Are you going
950,prêts,25866,loans
951,tranquille,25861,calm
952,gamin,25847,kid
953,joe,25803,joe
954,classe,25755,class
955,joué,25739,plays
956,poste,25731,later
957,con,25665,with
958,mike,25589,mike
959,attaque,25543,attack
960,boîte,25539,box
961,enquête,25412,investigation
962,visite,25391,visit
963,juge,25363,judge
964,moi-même,25359,myself
965,bord,25332,edge
966,debout,25323,standing
967,envoie,25278,send
968,preuve,25213,evidence
969,oublier,25166,forget
970,bons,25071,good
971,vivant,25069,alive
972,ciel,25050,sky
973,lu,25036,the
974,touche,25003,touch
975,aimer,24969,to like
976,faites-vous,24953,do yourself
977,télé,24925,TV
978,met,24924,of
979,écouter,24919,listen
980,serez,24918,will be
981,ll,24887,ll
982,pourtant,24861,Yet
983,change,24860,change
984,triste,24857,sad
985,droite,24856,RIGHT
986,gueule,24853,mouth
987,tombe,24823,fall
988,sentir,24811,to feel
989,ouvrir,24803,open
990,travers,24799,through
991,santé,24796,health
992,dossier,24767,case
993,ie,24760,ie
994,jeunes,24715,youth
995,frank,24680,frank
996,coucher,24676,to sleep
997,cuisine,24649,cuisine
998,monte,24567,monte
999,pouvez-vous,24549,can you
1000,signifie,24512,means
1001,entrez,24501,Come in
1002,relation,24501,relation
1003,centre,24480,centre
1004,dame,24475,dame
1005,chacun,24467,each
1006,chanson,24452,song
1007,foutre,24434,cum
1008,voler,24427,want
1009,blanc,24420,blanc
1010,george,24408,george
1011,certain,24340,certain
1012,don,24313,don
1013,âme,24204,soul
1014,manière,24165,manner
1015,flic,24138,flic
1016,décision,24039,decision
1017,mange,24014,many
1018,vit,23971,YEAR
1019,compagnie,23968,company
1020,déjeuner,23862,lunch
1021,différent,23859,different
1022,tire,23821,tire
1023,ordres,23785,orders
1024,clé,23784,key
1025,vaisseau,23775,vessel
1026,secondes,23770,seconds
1027,enfer,23720,hell
1028,sortez,23674,get out
1029,vendre,23619,sell
1030,faisais,23540,was doing
1031,responsable,23530,responsible
1032,mecs,23501,guys
1033,nulle,23482,nothing
1034,signe,23446,sign
1035,lieutenant,23433,lieutenant
1036,aille,23431,go
1037,acheté,23393,bought
1038,étrange,23391,odd
1039,diable,23391,devil
1040,viennent,23391,are coming
1041,monter,23296,to go up
1042,là-dedans,23243,in there
1043,l,23240,l
1044,capable,23171,capable
1045,emmener,23169,take away
1046,écrire,23152,to write
1047,honte,23146,shame
1048,bouche,23143,mouth
1049,préfère,23099,favorite
1050,coupable,23084,guilty
1051,rire,23042,laugh
1052,payé,22996,paid
1053,soin,22983,care
1054,milieu,22979,medium
1055,appartement,22865,apartment
1056,prochain,22858,next
1057,cerveau,22839,brain
1058,paris,22815,paris
1059,m,22801,m
1060,blague,22769,joke
1061,choisi,22760,selected
1062,époque,22746,era
1063,aurez,22702,will have
1064,voie,22636,way
1065,réunion,22601,meeting
1066,connu,22593,known
1067,allée,22556,aisle
1068,intérêt,22538,interest
1069,cheval,22524,horse
1070,combat,22516,combat
1071,silence,22487,silence
1072,coups,22485,strokes
1073,existe,22455,exist
1074,ia,22453,it
1075,retourne,22426,return
1076,tel,22393,tel
1077,trou,22363,marry
1078,public,22293,public
1079,peter,22251,peter
1080,oeil,22186,eye
1081,pleine,22153,full
1082,cacher,22151,hide
1083,amoureux,22137,lover
1084,drogue,22119,drug
1085,commandant,22118,commandant
1086,garçons,22071,boys
1087,faisons,22048,let's do
1088,paul,21991,paul
1089,n,21978,n
1090,tient,21944,is holding
1091,est-elle,21883,is she
1092,prise,21880,socket
1093,gouvernement,21860,government
1094,dirai,21844,will say
1095,client,21828,client
1096,adresse,21825,address
1097,journal,21815,journal
1098,contact,21797,contact
1099,dingue,21787,crazy
1100,sent,21757,sent
1101,récupérer,21729,to recover
1102,base,21713,base
1103,preuves,21712,evidence
1104,présente,21683,present
1105,peau,21661,skin
1106,servir,21656,serve
1107,peuple,21655,people
1108,exemple,21652,example
1109,fiche,21652,form
1110,max,21608,max
1111,promets,21565,promotion
1112,lequel,21558,which
1113,blessé,21552,hurt
1114,c,21528,c
1115,société,21526,Company
1116,tort,21494,tort
1117,sept,21493,sept
1118,pourriez,21456,could
1119,savent,21437,know
1120,ouvert,21418,open
1121,héros,21415,hero
1122,menti,21357,save
1123,mer,21299,more
1124,contente,21297,satisfied
1125,quitté,21209,quits
1126,jeter,21209,jeter
1127,sauvé,21184,Safe
1128,bière,21153,beer
1129,assis,21149,sat
1130,robe,21141,robe
1131,ecoutez,21141,Listen
1132,devient,21122,becomes
1133,félicitations,21101,Congratulations
1134,opération,21099,operation
1135,prévu,21029,foreseen
1136,fut,21012,was
1137,tenez,20998,hold
1138,livres,20995,books
1139,répondre,20990,answer
1140,seuls,20989,only
1141,pute,20985,whore
1142,entrée,20964,entrance
1143,vol,20952,vol
1144,horrible,20910,horrible
1145,vin,20883,become
1146,dommage,20879,Shame
1147,dites-moi,20865,tell me
1148,auriez,20842,would have
1149,colonel,20840,colonel
1150,ramener,20818,to bring back
1151,règles,20817,rules
1152,nez,20807,nose
1153,justice,20765,justice
1154,fbi,20727,fbi
1155,découvert,20726,discovered
1156,départ,20689,departure
1157,bruit,20665,noise
1158,secours,20663,rescue
1159,vérifier,20657,check
1160,enceinte,20595,pregnant
1161,mise,20571,putting
1162,témoin,20543,witness
1163,dirais,20539,would say
1164,directeur,20517,director
1165,intéressant,20484,interesting
1166,excuse,20473,excuse
1167,environ,20468,approximately
1168,t,20438,t
1169,inutile,20414,useless
1170,terrible,20402,terrible
1171,danse,20395,dance
1172,position,20385,position
1173,humain,20379,human
1174,apparemment,20336,apparently
1175,avenir,20307,future
1176,rêves,20260,dreams
1177,œil,20209,eye
1178,bête,20196,beast
1179,sérieusement,20120,seriously
1180,bravo,20115,bravo
1181,approche,20087,approach
1182,nourriture,20052,food
1183,fric,20041,money
1184,plupart,20040,plupart
1185,lycée,20038,high school
1186,tas,20038,that
1187,empêcher,20006,to prevent
1188,longue,20004,long
1189,sexe,19997,sex
1190,niveau,19994,level
1191,banque,19988,bank
1192,éviter,19974,avoid
1193,étions,19964,were
1194,lune,19957,moon
1195,pitié,19942,pity
1196,liberté,19931,freedom
1197,expérience,19918,experience
1198,procès,19903,trial
1199,radio,19903,radio
1200,hum,19890,hum
1201,verra,19883,worse
1202,thé,19875,tea
1203,partez,19853,set off
1204,utilisé,19845,used
1205,mur,19838,wall
1206,pose,19824,pose
1207,revenu,19814,income
1208,deuxième,19810,second
1209,bande,19808,band
1210,asseyez-vous,19778,sit down
1211,certaines,19769,some
1212,ridicule,19756,ridicule
1213,nord,19732,north
1214,appelez,19711,call
1215,copine,19703,girlfriend
1216,baiser,19692,kiss
1217,anglais,19687,English
1218,henry,19636,henry
1219,toilettes,19610,bathroom
1220,portes,19599,doors
1221,faudra,19593,will have to
1222,occupé,19592,busy
1223,grands,19559,tidy
1224,and,19529,and
1225,dérange,19450,disturbs
1226,rôle,19448,role
1227,censé,19369,supposed
1228,savez-vous,19361,Do you know
1229,james,19347,james
1230,reine,19286,queen
1231,croit,19276,believes
1232,cour,19270,court
1233,église,19259,church
1234,vide,19247,vide
1235,obtenir,19233,get
1236,conneries,19232,bullshit
1237,ennuis,19229,troubles
1238,personnel,19199,personnel
1239,conduire,19187,to drive
1240,tombé,19165,fall
1241,sol,19160,sun
1242,code,19148,code
1243,huit,19144,eight
1244,avions,19144,planes
1245,espoir,19132,hope
1246,comprenez,19110,understand
1247,spécial,19110,special
1248,vidéo,19093,video
1249,vêtements,19070,clothes
1250,défense,19067,defense
1251,alex,19035,alex
1252,sud,19019,south
1253,grand-mère,18994,Grandmother
1254,match,18970,match
1255,bombe,18920,bomb
1256,intéresse,18888,interested
1257,zone,18882,zone
1258,tante,18869,many
1259,paraît,18868,appears
1260,excuser,18825,excuse
1261,magasin,18790,store
1262,marier,18782,marry
1263,chère,18776,dear
1264,aie,18755,aie
1265,souvenir,18730,souvenir
1266,proche,18698,close
1267,revient,18664,come back
1268,danny,18641,danny
1269,douleur,18633,pain
1270,arrivera,18624,to arrive at
1271,presse,18614,press
1272,merveilleux,18609,wonderful
1273,asseoir,18573,Sit
1274,ravi,18561,treatment
1275,aimais,18539,loved
1276,h.,18519,h.
1277,amérique,18514,America
1278,fenêtre,18461,window
1279,mien,18458,mien
1280,terrain,18458,terrain
1281,sergent,18438,sergeant
1282,peux-tu,18386,can you
1283,projet,18376,project
1284,quartier,18371,neighborhood
1285,planète,18365,planet
1286,certainement,18354,certainly
1287,rapide,18343,fast
1288,lorsque,18327,when
1289,assurer,18311,ensure
1290,rendu,18264,rendering
1291,mignon,18262,mignon
1292,tourne,18249,turned
1293,danser,18238,to dance
1294,bob,18238,bob
1295,clients,18233,clients
1296,petites,18226,small
1297,aimez,18200,like
1298,présenter,18198,to present
1299,importance,18188,importance
1300,venus,18185,venus
1301,jimmy,18170,jimmy
1302,sache,18159,matter
1303,mérite,18141,deserved
1304,machine,18119,machine
1305,derniers,18093,last
1306,programme,18092,programme
1307,mesdames,18055,ladies
1308,meilleurs,18045,best
1309,honnête,18036,honest
1310,essayez,18017,try
1311,irai,17992,go
1312,connard,17990,asshole
1313,occasion,17985,occasion
1314,prouver,17969,prove
1315,travaillé,17956,work
1316,glace,17947,ice
1317,ayez,17946,have
1318,parie,17942,bett
1319,camion,17923,truck
1320,fier,17888,iron
1321,discuter,17845,discuss
1322,village,17843,village
1323,spectacle,17835,spectacle
1324,d,17834,d
1325,nul,17822,null
1326,rose,17817,rose
1327,touché,17811,touch
1328,mangé,17787,eat
1329,vis,17786,Str
1330,parole,17774,parole
1331,rencontre,17759,encounter
1332,apprécie,17744,appreciate
1333,jane,17732,jane
1334,réalité,17731,reality
1335,savons,17720,soaps
1336,respect,17693,respect
1337,remettre,17664,to put back
1338,vacances,17653,vacation
1339,détruire,17634,destroy
1340,choisir,17596,choose
1341,ha,17590,ha
1342,découvrir,17577,discover
1343,idées,17567,ideas
1344,officier,17525,officer
1345,frères,17523,brothers
1346,sert,17513,hard
1347,bill,17488,bill
1348,solution,17472,solution
1349,informations,17462,information
1350,attendais,17456,expected
1351,monstre,17409,monster
1352,sexy,17397,sexy
1353,ordinateur,17386,computer
1354,retrouvé,17373,found
1355,nature,17310,nature
1356,rappeler,17308,remind
1357,énergie,17295,energy
1358,pierre,17291,pierre
1359,utilise,17286,utilise
1360,pression,17283,pressure
1361,chaussures,17265,shoes
1362,faite,17259,done 
1363,histoires,17242,stories
1364,sarah,17229,sarah
1365,marié,17219,married
1366,espace,17198,space
1367,soient,17192,be
1368,nick,17135,nick
1369,portable,17131,portable
1370,préparer,17120,prepare
1371,nécessaire,17109,necessary
1372,court,17099,court
1373,offrir,17091,to offer
1374,will,17084,will
1375,ai-je,17046,have I got
1376,tony,17044,tony
1377,envers,17043,towards
1378,bain,17027,bain
1379,charge,17025,charge
1380,mary,17022,mary
1381,harry,16999,harry
1382,jim,16997,jim
1383,ennemi,16980,enemy
1384,arrivent,16962,arrive
1385,immédiatement,16961,immediately
1386,finalement,16958,Ultimately
1387,énorme,16953,huge
1388,grand-père,16950,grandfather
1389,test,16926,test
1390,gagne,16912,won
1391,réfléchir,16869,to reflect on
1392,victimes,16859,victims
1393,chanter,16855,sing
1394,futur,16836,Futur
1395,lâche,16833,coward
1396,mademoiselle,16798,mademoiselle
1397,copain,16771,boyfriend
1398,enlever,16765,to remove
1399,pensez-vous,16747,Do you think
1400,retrouve,16734,found
1401,épouser,16725,marry
1402,fleurs,16704,flowers
1403,salope,16686,slut
1404,aies,16662,aies
1405,gosse,16662,gosse
1406,arranger,16628,arranger
1407,riche,16593,rich
1408,faits,16574,facts
1409,ancien,16556,ancient
1410,stop,16540,stop
1411,accepter,16539,accept
1412,restes,16529,remains
1413,nouveaux,16518,new
1414,sauter,16513,jump
1415,suspect,16512,suspect
1416,vies,16509,Vies
1417,durant,16501,Durant
1418,invité,16440,guest
1419,politique,16434,policy
1420,dents,16431,dents
1421,patient,16427,patient
1422,repas,16406,meal
1423,urgence,16388,emergency
1424,cartes,16354,cards
1425,jambes,16341,legs
1426,conversation,16314,conversation
1427,telle,16302,such
1428,bus,16280,bus
1429,to,16279,to
1430,tourner,16279,turn
1431,toucher,16270,to touch
1432,mémoire,16270,memory
1433,série,16259,series
1434,mariée,16249,bride
1435,contraire,16246,opposite
1436,vent,16230,vent
1437,taille,16228,size 
1438,donnez-moi,16213,Give me
1439,trouves,16212,found
1440,celui-là,16208,that one
1441,chat,16188,chat
1442,continuez,16181,continue
1443,contrat,16160,CONTRACT
1444,couteau,16153,knife
1445,double,16099,double
1446,dure,16090,hard
1447,carrière,16078,career
1448,excuse-moi,16028,excuse me
1449,ray,16001,ray
1450,regardé,15989,look at
1451,descendre,15983,to come down
1452,université,15980,university
1453,sentiments,15974,sentiments
1454,papier,15951,paper
1455,remarqué,15947,REMARK
1456,noms,15941,names
1457,vécu,15937,lived
1458,courage,15927,courage
1459,beauté,15915,beauty
1460,bu,15902,this
1461,tais-toi,15883,shut up
1462,après-midi,15874,afternoon
1463,excellent,15812,excellent
1464,assieds-toi,15798,Sit down
1465,richard,15788,richard
1466,propres,15774,clean
1467,parmi,15764,among
1468,forte,15754,strong
1469,étant,15749,being
1470,couple,15721,couple
1471,aiment,15719,like
1472,permis,15716,permit
1473,différence,15704,difference
1474,faudrait,15703,should
1475,course,15682,course
1476,humains,15678,humans
1477,dégage,15675,cleared
1478,mille,15669,which
1479,accès,15642,access
1480,cible,15637,target
1481,joyeux,15633,happy
1482,bonheur,15633,happiness
1483,aimait,15608,loved
1484,manqué,15597,lack
1485,action,15593,action
1486,steve,15522,steve
1487,aidé,15518,help
1488,vouliez,15507,wanted
1489,trouvez,15505,Find
1490,films,15485,films
1491,emmène,15481,take
1492,marie,15471,marie
1493,taxi,15435,taxi
1494,restaurant,15430,restaurant
1495,crise,15403,crisis
1496,piste,15347,track
1497,dernières,15346,latest
1498,puisque,15343,since
1499,blanche,15337,blanche
1500,coupe,15333,coupe
1501,secrets,15321,secrets
1502,prince,15310,prince
1503,marrant,15297,funny
1504,raisons,15287,reasons
1505,refuse,15283,refuse
1506,apporté,15240,brought
1507,cassé,15229,broken
1508,lors,15229,during
1509,mettez,15223,put
1510,dis-lui,15213,tell him
1511,tuée,15210,killed
1512,maladie,15199,disease
1513,mienne,15183,mine
1514,rentré,15171,go home
1515,week-end,15143,week-end
1516,excuses,15134,excuses
1517,km,15130,km
1518,alcool,15083,alcohol
1519,voudrait,15082,would like
1520,fil,15082,in
1521,rends,15074,renders
1522,quitte,15070,quits
1523,couché,15069,layer
1524,disons,15055,let's say
1525,totalement,15039,totally
1526,claire,15030,claire
1527,it,15012,it
1528,londres,14996,London
1529,remercier,14979,thank
1530,mêmes,14950,same
1531,partis,14939,gone
1532,pensait,14934,thought
1533,île,14931,island
1534,tommy,14931,tommy
1535,remercie,14924,thanks
1536,caméra,14900,camera
1537,pensent,14894,think
1538,suis-je,14890,am I
1539,pleurer,14882,cry
1540,régler,14862,adjust
1541,ouvrez,14860,open
1542,entier,14860,entire
1543,foutu,14859,damn
1544,types,14841,types
1545,fermer,14841,close
1546,animaux,14811,animals
1547,dise,14808,disk
1548,image,14791,image
1549,étage,14775,floor
1550,rejoindre,14756,join
1551,soldats,14724,soldiers
1552,amuser,14720,entertain
1553,points,14710,points
1554,suivi,14703,follow up
1555,oubliez,14695,forget
1556,langue,14649,language
1557,direction,14616,direction
1558,frais,14610,costs
1559,veuillez,14609,please
1560,miss,14594,miss
1561,soldat,14572,soldier
1562,couleur,14567,color
1563,bouger,14561,to move
1564,frappé,14549,struck
1565,frapper,14537,hit
1566,venait,14533,came
1567,raté,14530,missed
1568,évidemment,14516,obviously
1569,sacré,14485,sacred
1570,clés,14470,keys
1571,mentir,14455,to lie
1572,épouse,14418,marry
1573,troisième,14405,third
1574,johnny,14375,johnny
1575,amy,14372,amy
1576,jésus,14329,Jesus
1577,faible,14327,weak
1578,ryan,14316,ryan
1579,afin,14300,in order to
1580,bleu,14265,blue
1581,failli,14256,falling
1582,courir,14252,run
1583,américain,14245,American
1584,détails,14215,details
1585,pont,14160,point
1586,gay,14151,gay
1587,regarde-moi,14151,look at me
1588,jake,14103,jake
1589,billy,14103,billy
1590,attraper,14102,catch
1591,papiers,14099,papers
1592,poisson,14098,poisson
1593,lui-même,14094,itself
1594,wow,14088,wow
1595,chiens,14064,dogs
1596,date,14059,date
1597,intention,14048,intention
1598,procureur,14043,prosecutor
1599,goût,14034,taste
1600,pourras,14032,can
1601,shérif,14028,sheriff
1602,sais-tu,14010,Do you know
1603,arrêt,14004,stop
1604,sourire,13997,smile
1605,lait,13991,milk
1606,chasse,13973,hunting
1607,signal,13967,signal
1608,parlait,13963,was talking
1609,destin,13961,destin
1610,marre,13958,GET
1611,français,13943,French
1612,princesse,13938,princess
1613,paie,13929,pay
1614,foi,13929,he was
1615,chier,13898,take a dump
1616,dois-je,13889,should I
1617,présence,13878,presence
1618,doigts,13876,fingers
1619,partenaire,13861,partner
1620,quelles,13857,what
1621,daniel,13854,daniel
1622,préféré,13854,favorite
1623,adieu,13845,adieu
1624,costume,13840,costume
1625,entreprise,13835,business
1626,utile,13832,useful
1627,calme-toi,13829,calm down
1628,lien,13826,lien
1629,unique,13816,unique
1630,appartient,13809,belongs
1631,attendant,13800,attendant
1632,amené,13796,bring
1633,moindre,13778,lesser
1634,quels,13765,what
1635,amener,13758,to bring
1636,amène,13732,bring
1637,enfoiré,13732,Motherfucker
1638,recherches,13716,research
1639,discours,13712,speech
1640,données,13712,data
1641,robert,13707,robert
1642,art,13693,art
1643,appelles,13667,calls
1644,salaud,13666,bastard
1645,penses-tu,13660,do you think
1646,magie,13658,magic
1647,bouteille,13650,bottle
1648,justement,13648,exactly
1649,raconter,13639,tell
1650,rapidement,13629,quickly
1651,bref,13620,Short
1652,tribunal,13605,tribunal
1653,viendra,13605,will come
1654,passée,13604,past
1655,superbe,13602,stunning
1656,pourrai,13589,could
1657,pièces,13579,pieces
1658,certaine,13577,certain
1659,obligé,13563,obliged
1660,formidable,13561,formidable
1661,pause,13561,pause
1662,identité,13533,identify
1663,campagne,13525,campaign
1664,lee,13517,lee
1665,auraient,13503,would have
1666,couper,13503,cut
1667,mark,13454,mark
1668,morceau,13445,piece
1669,os,13437,you
1670,lettres,13436,letters
1671,nombre,13435,name
1672,intelligent,13431,intelligent
1673,gâteau,13422,cake
1674,dépend,13415,depends
1675,job,13409,job
1676,jeux,13378,games
1677,compter,13369,count
1678,cou,13364,cou
1679,of,13362,of
1680,reprendre,13360,to resume
1681,joie,13339,joy
1682,agents,13329,agents
1683,gardes,13324,guards
1684,star,13321,star
1685,regard,13307,regard
1686,demandez,13295,Ask
1687,balles,13291,bullets
1688,vendu,13289,sold
1689,majesté,13285,majesty
1690,menace,13284,menace
1691,malgré,13278,despite
1692,appareil,13265,device
1693,demandais,13264,asked
1694,là-haut,13262,up there
1695,privé,13252,private
1696,adam,13238,adam
1697,forces,13238,forces
1698,fonctionne,13215,works
1699,méchant,13213,wicked
1700,jambe,13205,leg
1701,empreintes,13169,fingerprints
1702,ange,13146,ange
1703,agir,13130,to act
1704,noire,13107,black
1705,imbécile,13105,imbecile
1706,gentille,13083,kind
1707,labo,13078,pair
1708,résultats,13077,results
1709,toi-même,13068,yourself
1710,cinéma,13055,movie theater
1711,nouvel,13051,new
1712,malheureusement,13048,Unfortunately
1713,décider,13029,decide
1714,né,13015,neither
1715,importante,12994,important
1716,voulons,12986,want to
1717,détruit,12986,destroy
1718,parfaitement,12985,perfectly
1719,martin,12926,martin
1720,produit,12919,product
1721,réparer,12913,fix
1722,chapeau,12912,hat
1723,gérer,12904,manage
1724,écoute-moi,12891,listen to me
1725,adn,12870,DNA
1726,échange,12856,exchange
1727,mince,12856,mince
1728,bougez,12856,move
1729,parfaite,12849,perfect
1730,meurt,12824,dies
1731,fout,12805,wrong
1732,vitesse,12785,speed
1733,fermé,12782,farm
1734,succès,12779,success
1735,au-dessus,12779,above
1736,etre,12778,etre
1737,souvenirs,12777,souvenirs
1738,comprend,12769,understand
1739,odeur,12763,smell
1740,pain,12763,pain
1741,falloir,12757,to need
1742,aise,12740,easy
1743,caché,12730,hidden
1744,règle,12725,ruler
1745,imaginer,12723,imagine
1746,raconte,12720,tell
1747,vus,12713,sewing
1748,accepté,12708,accepted
1749,trouvée,12693,found
1750,dors,12689,thirst
1751,celui-ci,12689,to the one
1752,ministre,12686,minister
1753,infos,12676,Info
1754,vendredi,12669,Friday
1755,voitures,12669,cars
1756,lever,12659,lever
1757,arbre,12650,TREE
1758,maire,12641,mayor
1759,faveur,12627,favor
1760,pourraient,12623,could
1761,prendra,12622,will take
1762,surpris,12618,surprised
1763,jeté,12602,thrown
1764,également,12596,also
1765,fac,12569,do
1766,apporter,12563,bring
1767,washington,12554,washington
1768,champ,12543,champ
1769,peut-on,12542,can we
1770,comptes,12541,accounts
1771,échapper,12533,escape
1772,valeur,12521,value
1773,in,12520,in
1774,réel,12518,real
1775,couverture,12517,blanket
1776,million,12512,million
1777,article,12507,article
1778,doux,12507,soft
1779,parc,12504,park
1780,toit,12497,food
1781,unité,12494,unit
1782,resté,12491,stay
1783,plage,12480,beach
1784,partager,12432,share
1785,malin,12425,malin
1786,recevoir,12423,receive
1787,inquiétez,12408,worry
1788,attendu,12407,expected
1789,charles,12401,charles
1790,coffre,12398,chest
1791,uh,12397,uh
1792,eddie,12397,eddie
1793,chris,12393,chris
1794,celle-là,12388,that one
1795,ramène,12376,brings back
1796,mode,12376,mode
1797,folie,12366,madness
1798,extérieur,12344,outside
1799,van,12343,by
1800,membre,12335,member
1801,prévenir,12321,prevent
1802,cache,12316,cache
1803,inquiéter,12308,worry
1804,hasard,12306,chance
1805,concerne,12304,concerned
1806,réponds,12290,answer
1807,génie,12290,genius
1808,j,12287,j
1809,parlais,12284,gauge
1810,parlons,12277,let's talk
1811,jardin,12269,garden
1812,saison,12232,season
1813,montré,12221,watch
1814,frappe,12203,struck
1815,enchanté,12191,delighted
1816,gosses,12185,gosses
1817,abandonner,12184,give up
1818,assure,12175,assure
1819,apporte,12169,brought
1820,prépare,12143,prepared
1821,mètres,12099,meters
1822,suivant,12094,following
1823,souhaite,12084,wish
1824,services,12082,services
1825,ouest,12079,west
1826,va-t',12060,va-t '
1827,poids,12057,weight
1828,poche,12050,few
1829,faisant,12031,doing
1830,répondu,12027,answered
1831,directement,12025,directly
1832,source,12022,source
1833,france,12002,france
1834,créer,12000,create
1835,samedi,11994,SATURDAY
1836,aidez-moi,11964,help me
1837,univers,11956,universe
1838,saura,11944,remains
1839,réalisé,11943,accomplished
1840,américains,11943,American
1841,perds,11934,losers
1842,membres,11927,members
1843,viande,11918,meat
1844,o',11917,O'
1845,bobby,11906,bobby
1846,sont-ils,11904,are they
1847,crois-moi,11902,believe me
1848,amoureuse,11899,in love
1849,grandes,11881,big ones
1850,changement,11873,change
1851,compliqué,11868,complicated
1852,bal,11845,bal
1853,page,11833,page
1854,conduit,11825,conduit
1855,passage,11813,passage
1856,piège,11801,trap
1857,kevin,11800,kevin
1858,ressens,11798,feeling
1859,accepte,11786,accepted
1860,grace,11784,grace
1861,fais-le,11777,do it
1862,amusant,11766,amusing
1863,dan,11761,and
1864,donnez,11755,give
1865,traces,11750,traces
1866,trésor,11750,treasure
1867,explique,11744,explain
1868,fesses,11738,buttocks
1869,perte,11733,loss
1870,fantôme,11724,ghost
1871,naissance,11722,birth
1872,retraite,11722,retirement
1873,regardes,11718,look
1874,franchement,11717,Frankly
1875,côtés,11717,sides
1876,larry,11716,larry
1877,étranger,11710,stranger
1878,poulet,11704,chicken
1879,vienne,11692,Vienna
1880,débarrasser,11686,rid
1881,enlève,11681,remove
1882,marque,11680,brand
1883,mens,11679,human
1884,fantastique,11640,fantastic
1885,cent,11632,cent
1886,beaux,11629,beautiful
1887,entendez,11626,hear
1888,ouverte,11606,opened
1889,bâtiment,11603,building
1890,a-t-elle,11589,has she
1891,devrions,11587,should
1892,embrasser,11579,to kiss
1893,tombée,11575,fall
1894,manquer,11572,miss
1895,entré,11572,between
1896,san,11551,san
1897,chevaux,11550,horses
1898,habite,11544,reside
1899,animal,11521,animal
1900,fatigué,11518,fatigue
1901,heureusement,11511,Fortunately
1902,billets,11504,tickets
1903,convaincre,11496,convince
1904,appelait,11493,called
1905,rachel,11486,rachel
1906,paradis,11483,heaven
1907,émission,11481,emission
1908,lance,11465,lance
1909,nettoyer,11460,to clean
1910,file,11438,file
1911,dimanche,11436,Sunday
1912,agréable,11428,pleasant
1913,plans,11415,plans
1914,conscience,11406,conscience
1915,ennemis,11401,enemies
1916,disant,11398,saying
1917,connaissance,11383,awareness
1918,douce,11375,gentle
1919,belles,11371,beautiful
1920,sentiment,11366,sentiment
1921,bataille,11333,battle
1922,perd,11326,lose
1923,pourrez,11321,can
1924,relations,11318,relations
1925,espérais,11316,hoped
1926,fais-moi,11310,Make me
1927,vôtre,11304,your
1928,servi,11297,served
1929,souci,11294,worry
1930,note,11294,note
1931,doigt,11286,finger
1932,mensonge,11283,lie
1933,volonté,11273,will
1934,walter,11258,walter
1935,victoire,11250,victory
1936,direct,11241,direct
1937,abandonné,11239,abandoned
1938,information,11239,information
1939,joindre,11238,join
1940,proches,11217,relatives
1941,brian,11216,brian
1942,droits,11213,rights
1943,eric,11211,eric
1944,nerveux,11200,nervous
1945,coupé,11190,coupé
1946,patients,11188,patients
1947,invités,11174,guests
1948,arrivés,11170,arrived
1949,descends,11167,descends
1950,pleure,11165,cry
1951,traitement,11165,treatment
1952,jerry,11163,jerry
1953,senti,11163,feeling
1954,cancer,11161,cancer
1955,répète,11156,say again
1956,reposer,11137,to rest
1957,regrette,11135,regret
1958,aide-moi,11114,help me
1959,flingue,11113,gun
1960,cousin,11110,cousin
1961,désormais,11107,From now on
1962,vérifié,11104,checked
1963,crains,11085,fearful
1964,douche,11080,douche
1965,gaz,11070,gas
1966,interdit,11067,forbidden
1967,théorie,11058,theory
1968,scott,11050,scott
1969,trace,11043,trace
1970,contrôler,11026,control
1971,signer,11018,signer
1972,no,11017,no
1973,demandes,11017,requests
1974,internet,11010,internet
1975,andy,11009,andy
1976,cherchez,10995,look
1977,salon,10991,salon
1978,pete,10982,pete
1979,serons,10978,will be
1980,appels,10933,calls
1981,lancer,10912,throw
1982,protection,10911,protection
1983,pantalon,10897,pants
1984,rappelles,10894,recall
1985,dossiers,10886,files
1986,style,10883,style
1987,ravie,10877,stunned
1988,semblant,10877,similar
1989,yeah,10871,yeah
1990,kim,10868,kim
1991,offert,10867,Free
1992,vieil,10865,old
1993,humaine,10847,human
1994,grandi,10844,big
1995,médicaments,10839,drugs
1996,acte,10826,ACTE
1997,moyens,10819,means
1998,lois,10809,lois
1999,kate,10805,kate
2000,meurs,10784,die
2001,laisserai,10780,will leave
2002,aéroport,10771,airport
2003,mauvaises,10755,bad
2004,détective,10742,detective
2005,autrement,10738,otherwise
2006,témoins,10736,witnesses
2007,queue,10736,queue
2008,coincé,10734,stuck
2009,mariés,10734,married
2010,sonne,10727,sun
2011,innocent,10726,innocent
2012,dira,10724,are
2013,créé,10723,created
2014,jason,10721,jason
2015,supporter,10712,supporter
2016,milliers,10701,thousands
2017,heu,10695,HEU
2018,infirmière,10685,nurse
2019,métier,10680,job
2020,crétin,10680,crétin
2021,retirer,10677,withdraw
2022,surveillance,10676,surveillance
2023,chances,10675,chances
2024,oreilles,10664,ears
2025,trouvera,10663,will find
2026,suicide,10661,suicide
2027,militaire,10644,military
2028,atteindre,10633,reach
2029,fuir,10614,flee
2030,casse,10605,broken
2031,dormi,10599,are you sleeping
2032,pilote,10599,pilot
2033,rires,10593,laughter
2034,appelée,10591,called
2035,risques,10590,risks
2036,leçon,10582,lesson
2037,paquet,10574,pack
2038,man,10568,man
2039,défendre,10550,defend
2040,immeuble,10547,building
2041,récemment,10544,recently
2042,chinois,10540,Chinese
2043,battu,10523,beaten
2044,aveugle,10518,blind
2045,oiseau,10517,bird
2046,qu,10512,that
2047,propriétaire,10498,owner
2048,ancienne,10488,Ancient
2049,veste,10488,you know
2050,anna,10487,anna
2051,simon,10479,simon
2052,saviez,10473,knew
2053,amies,10466,friends
2054,cherché,10465,look for
2055,tirez,10461,PULL
2056,al,10459,al
2057,différents,10425,different
2058,gardez,10405,Keep
2059,feras,10391,beasts
2060,lisa,10370,lisa
2061,lis,10370,lis
2062,station,10352,station
2063,mandat,10351,mandate
2064,assassin,10351,assassin
2065,thomas,10350,thomas
2066,célèbre,10347,famous
2067,dort,10342,there
2068,bague,10342,ring
2069,dépêche-toi,10341,hurry up
2070,tente,10334,tent
2071,devenue,10328,become
2072,ventre,10321,belly
2073,carter,10319,carter
2074,respire,10317,breathe
2075,haute,10314,high
2076,connaissais,10308,knew
2077,genoux,10275,knees
2078,terme,10272,term
2079,vert,10269,Green
2080,emily,10259,emily
2081,refusé,10259,denied
2082,hâte,10243,haste
2083,réveiller,10237,wake
2084,commande,10223,order
2085,commun,10219,common
2086,souris,10206,mouse
2087,partons,10201,Let's start
2088,perdue,10201,perdue
2089,dirige,10198,directs
2090,verras,10180,surprise
2091,charmant,10166,charming
2092,chante,10161,sing
2093,sport,10154,sport
2094,celle-ci,10143,this one
2095,viré,10128,fired
2096,ies,10126,ies
2097,fiston,10113,fiston
2098,étoiles,10110,stars
2099,laisses,10094,leave
2100,parlant,10087,speaking
2101,là-dessus,10085,on this
2102,signé,10082,sign
2103,virer,10077,fire
2104,permettre,10066,allow
2105,pouvoirs,10061,powers
2106,luke,10061,luke
2107,pluie,10051,rain
2108,passez,10049,pass
2109,vrais,10049,real
2110,enlevé,10045,removed
2111,moments,10044,moments
2112,blesser,10043,hurt
2113,ombre,10014,ombre
2114,rome,10014,rome
2115,épisode,9995,episode
2116,talent,9992,talent
2117,chocolat,9963,chocolate
2118,assurance,9960,assurance
2119,angleterre,9958,England
2120,couche,9956,layer
2121,site,9951,site
2122,neige,9945,snow
2123,gardé,9937,guard
2124,chemise,9936,shirt
2125,ted,9928,ted
2126,voulaient,9914,wanted
2127,emploi,9912,job
2128,précédemment,9907,previously
2129,surveiller,9906,to watch
2130,privée,9904,private
2131,entière,9899,whole
2132,saint,9889,saint
2133,parlent,9888,talk
2134,réfléchi,9874,thoughtful
2135,my,9870,my
2136,attendent,9870,wait
2137,jette,9865,throw
2138,facilement,9862,easily
2139,joues,9862,play
2140,jury,9853,jury
2141,passera,9852,will pass
2142,voleur,9852,thief
2143,véritable,9851,true
2144,entend,9843,hears
2145,chaise,9839,chaise
2146,accusé,9836,accused
2147,zéro,9827,zero
2148,clairement,9827,clearly
2149,mouvement,9824,movement
2150,celles,9812,those
2151,sommeil,9808,sleep
2152,blancs,9796,white
2153,survivre,9792,survive
2154,semblait,9781,seemed
2155,o,9780,O
2156,craint,9779,fear
2157,traduction,9779,translation
2158,notes,9757,notes
2159,repos,9754,rest
2160,siège,9753,seat
2161,policier,9752,police officer
2162,allés,9749,alleys
2163,puissance,9734,power
2164,familles,9721,families
2165,second,9720,second
2166,cellule,9719,cell
2167,engagé,9715,engaged
2168,adorable,9699,adorable
2169,matt,9682,matt
2170,spéciale,9679,special
2171,violence,9669,violence
2172,ours,9668,ours
2173,gorge,9666,gorge
2174,examen,9666,exam
2175,dieux,9664,gods
2176,major,9659,major
2177,obtenu,9645,got
2178,évident,9645,obvious
2179,distance,9642,distance
2180,titre,9642,title
2181,lundi,9630,Monday
2182,choc,9625,shock
2183,différentes,9619,different
2184,théâtre,9612,theater
2185,exploser,9610,explode
2186,â,9605,â
2187,rivière,9605,river
2188,paye,9594,paye
2189,allo,9588,at the
2190,revenez,9554,come back
2191,écoutes,9553,listen
2192,logique,9552,logic
2193,alice,9548,alice
2194,miracle,9538,miracle
2195,lève,9537,survey
2196,montagne,9532,mountain
2197,essayais,9526,tried
2198,pauvres,9522,poor
2199,tenu,9521,tenuous
2200,chicago,9517,chicago
2201,auprès,9510,with
2202,lèvres,9488,lips
2203,plat,9487,plat
2204,lunettes,9487,glasses
2205,journaux,9466,newspapers
2206,attaquer,9466,tackle
2207,mine,9463,mine
2208,pistolet,9460,gun
2209,divorce,9459,divorce
2210,noirs,9451,black
2211,meurtres,9451,murders
2212,premiers,9451,first
2213,forêt,9450,forest
2214,respirer,9450,breathe
2215,fortune,9438,fortune
2216,réponses,9434,responses
2217,devraient,9432,should
2218,explosion,9426,explosion
2219,reviendra,9422,will come back
2220,mène,9411,led
2221,doc,9410,doc
2222,maria,9407,maria
2223,responsabilité,9396,responsibility
2224,annie,9388,annie
2225,erreurs,9388,errors
2226,principal,9385,principal
2227,épée,9382,sword
2228,tienne,9369,yours
2229,travaillait,9361,was working
2230,tableau,9358,painting 
2231,cabinet,9353,cabinet
2232,normale,9352,normal
2233,alerte,9348,alert
2234,meurtrier,9335,murderer
2235,whoa,9322,whoa
2236,libérer,9320,release
2237,commis,9297,commis
2238,sérieuse,9295,serious
2239,carl,9284,carl
2240,sous-titrage,9282,subtitles
2241,rock,9279,rock
2242,vision,9279,vision
2243,réveillé,9277,wake up
2244,auront,9271,will have
2245,mesure,9259,measure
2246,arthur,9256,arthur
2247,kyle,9251,kyle
2248,ed,9245,ed
2249,louis,9244,louis
2250,1er,9240,1er
2251,secrétaire,9233,secretary
2252,dave,9226,dave
2253,images,9225,images
2254,fuite,9222,leak
2255,amitié,9220,friendship
2256,annonce,9217,announcement
2257,pousser,9217,push
2258,william,9210,William
2259,idiote,9207,idiot
2260,nombreux,9194,many
2261,brisé,9192,broken
2262,raconté,9190,tell
2263,cardiaque,9187,heart
2264,minuit,9179,midnight
2265,humeur,9178,mood
2266,physique,9172,physique
2267,prof,9162,prof
2268,lieux,9161,places
2269,los,9160,the
2270,seins,9149,tits
2271,crier,9148,crier
2272,top,9144,top
2273,go,9143,go
2274,permission,9137,permission
2275,romantique,9137,romantic
2276,lac,9128,lac
2277,vente,9118,sale
2278,vache,9116,cow
2279,suit,9114,suit
2280,clark,9106,clark
2281,courses,9106,courses
2282,casser,9104,to break
2283,études,9102,studies
2284,modèle,9097,model
2285,susan,9093,susan
2286,version,9090,version
2287,jeff,9084,jeff
2288,pensées,9084,thoughts
2289,prudent,9081,prudent
2290,plaisante,9077,pleasant
2291,emmené,9068,taken
2292,réfléchis,9066,reflected
2293,concert,9066,concert
2294,blessure,9062,injury
2295,tir,9055,Tir
2296,chauffeur,9049,chauffeur
2297,midi,9047,midi
2298,souvenez,9043,remember
2299,puissant,9040,powerful
2300,moteur,9035,engine
2301,répond,9030,answers
2302,hmm,9029,hmm
2303,city,9029,city
2304,coûte,9028,cost
2305,reculez,9028,go back
2306,dessous,9024,underneath
2307,souffle,9021,breath
2308,construire,9020,build
2309,démon,9017,demon
2310,achète,9015,bought
2311,smith,9009,smith
2312,caméras,9005,cameras
2313,pousse,9000,growth
2314,cesse,8998,stop
2315,gare,8995,for
2316,rentrée,8993,back to school
2317,finit,8985,finished
2318,bosse,8980,bosse
2319,kelly,8978,kelly
2320,fer,8978,Fer
2321,couilles,8977,balls
2322,quiconque,8969,anyone
2323,vole,8965,would like
2324,ignorais,8965,ignorant
2325,soutien,8963,support
2326,usine,8959,factory
2327,château,8955,castle
2328,lâche-moi,8946,Let go of me
2329,ont-ils,8939,do they have
2330,garage,8937,garage
2331,délicieux,8937,delicious
2332,oreille,8935,ear
2333,virus,8923,virus
2334,réellement,8918,really
2335,posé,8913,laid
2336,avancer,8909,move forward
2337,maisons,8906,houses
2338,voisins,8905,neighbors
2339,dites-lui,8902,tell him
2340,deviens,8901,become
2341,sage,8900,sage
2342,crédit,8899,credit
2343,ambulance,8898,ambulance
2344,gamins,8898,kids
2345,fière,8896,proud
2346,tourné,8889,turned
2347,puce,8886,chip
2348,finie,8878,finish
2349,canon,8877,canon
2350,liquide,8872,liquid
2351,devine,8870,BECOMES
2352,particulier,8866,particular
2353,prennent,8861,take
2354,traverser,8860,to cross
2355,rues,8855,streets
2356,park,8852,park
2357,criminel,8845,criminal
2358,cependant,8833,However
2359,sombre,8827,sombre
2360,agence,8825,agency
2361,comportement,8823,behavior
2362,artiste,8802,artist
2363,bosser,8800,work
2364,gouverneur,8799,governor
2365,paroles,8798,words
2366,résoudre,8797,solve
2367,chut,8796,chut
2368,période,8788,period
2369,bat,8786,one
2370,seraient,8785,would be
2371,bébés,8785,babies
2372,cherches,8775,looking for
2373,e,8768,It is
2374,croyez-moi,8766,believe me
2375,donnes,8765,data
2376,préparé,8758,prepared
2377,soucis,8758,worries
2378,traiter,8756,to treat
2379,street,8754,street
2380,différente,8751,different
2381,reconnais,8746,recognize
2382,bye,8746,bye
2383,pourriez-vous,8744,could you
2384,fromage,8741,cheese
2385,essence,8741,essence
2386,ayant,8730,having
2387,côte,8720,side
2388,tenté,8718,tent
2389,chaleur,8712,heat
2390,tests,8689,tests
2391,champagne,8686,champagne
2392,objet,8686,object
2393,ouai,8679,yeah
2394,disparaître,8675,disappear
2395,oiseaux,8672,birds
2396,re,8668,re
2397,europe,8665,europe
2398,supposé,8664,Assumed
2399,supplie,8658,beg
2400,tournée,8642,tour
2401,résultat,8637,result
2402,roger,8635,roger
2403,concernant,8633,concerning
2404,vérifie,8631,checked
2405,souffrir,8606,suffer
2406,occupée,8599,busy
2407,fusil,8597,gun
2408,gardien,8595,guardian
2409,déranger,8594,to disturb
2410,verrai,8586,will you come
2411,fatiguée,8585,tired
2412,vote,8584,vote
2413,dégagez,8584,release
2414,anciens,8584,ancient
2415,voila,8579,voila
2416,tués,8575,You are
2417,forcément,8570,necessarily
2418,cadeaux,8562,gifts
2419,herbe,8562,grass
2420,b,8561,b
2421,menteur,8561,liar
2422,vivante,8556,alive
2423,riches,8555,riches
2424,vive,8552,vive
2425,sacrée,8549,sacred
2426,taylor,8548,taylor
2427,adulte,8542,adult
2428,siècle,8538,century
2429,attente,8534,waiting
2430,endroits,8533,locations
2431,écris,8529,wrote
2432,rapports,8520,reports
2433,piscine,8518,pool
2434,rentrez,8518,come back
2435,lendemain,8512,the following day
2436,fumer,8507,to smoke
2437,concours,8502,competition
2438,ment,8501,ment
2439,monté,8497,mounted
2440,passait,8495,passed
2441,vous-même,8491,yourself
2442,inviter,8489,invite
2443,coach,8489,coach
2444,fausse,8488,false
2445,élevé,8477,pupil
2446,chair,8474,chair
2447,magique,8471,Magic
2448,chaîne,8464,chain
2449,chèque,8462,check
2450,réseau,8461,network
2451,enfance,8449,childhood
2452,mensonges,8447,lies
2453,pourrions,8443,could
2454,choisis,8438,choose
2455,taire,8435,Minister
2456,inquiet,8435,worried
2457,enfuir,8430,escape
2458,bel,8422,bel
2459,profiter,8414,enjoy
2460,science,8414,science
2461,revenue,8406,revenue
2462,billet,8402,billet
2463,crâne,8402,skull
2464,jaloux,8402,jealous
2465,tien,8401,ten
2466,arrestation,8396,arrest
2467,laver,8389,doing
2468,nuits,8386,nights
2469,caisse,8379,box
2470,scientifique,8374,scientist
2471,russe,8374,Russian
2472,cris,8367,cris
2473,traité,8366,treaty
2474,attaqué,8359,attack
2475,écoutez-moi,8356,listen to me
2476,montez,8354,montez
2477,sean,8349,sean
2478,promesse,8341,promise
2479,sénateur,8336,senator
2480,blessures,8335,wounds
2481,sucre,8330,sugar
2482,murs,8329,walls
2483,attrape,8328,caught
2484,représente,8327,represented
2485,emma,8327,emma
2486,esprits,8315,spirits
2487,cloche,8310,Bell
2488,phil,8300,phil
2489,cia,8283,cia
2490,réputation,8274,reputation
2491,étudier,8272,to study
2492,trompe,8264,trompe
2493,chute,8264,chute
2494,jackson,8254,jackson
2495,demi,8251,for the sake of
2496,devra,8247,will have to
2497,plainte,8245,complaint
2498,grand-chose,8238,great
2499,tim,8238,tim
2500,joey,8234,joey
2501,sorcière,8234,witch
2502,venant,8227,from
2503,alan,8225,alan
2504,californie,8222,California
2505,tenue,8213,outfit
2506,journaliste,8213,journalist
2507,soyons,8211,let's be
2508,chouette,8206,owl
2509,karen,8194,karen
2510,aurons,8192,will have
2511,avocats,8187,lawyers
2512,cherchais,8186,sought
2513,angeles,8180,angeles
2514,surveille,8178,watched
2515,département,8175,department
2516,abandonne,8175,abandoned
2517,prendrai,8169,will take
2518,peinture,8168,paint
2519,refaire,8168,redo
2520,honnêtement,8155,honestly
2521,opinion,8153,opinion
2522,geste,8148,gesture
2523,étais-tu,8144,were you
2524,gaffe,8142,gaffe
2525,empire,8141,empire
2526,aient,8138,have
2527,pizza,8137,pizza
2528,seriez,8135,would be
2529,fan,8133,fan
2530,poitrine,8133,chest
2531,y',8132,and'
2532,jenny,8128,jenny
2533,lorsqu',8126,when
2534,médecins,8121,doctors
2535,remonte,8115,traced back
2536,aventure,8113,adventure
2537,réglé,8111,ruler
2538,mac,8102,mac
2539,abby,8097,abby
2540,barre,8095,barre
2541,foyer,8094,foyer
2542,jean,8092,jean
2543,amuse,8091,amuse
2544,mener,8083,believe
2545,uniforme,8081,uniform
2546,cauchemar,8080,nightmare
2547,soupe,8071,soup
2548,intelligente,8067,intelligent
2549,jus,8061,you
2550,prêtre,8057,priest
2551,lily,8045,lily
2552,trompé,8032,deceived
2553,chuck,8032,chuck
2554,corde,8032,rope
2555,champion,8030,champion
2556,somme,8024,sum
2557,conférence,8019,conference
2558,commissaire,8013,commissioner
2559,répondez,8006,answer
2560,attrapé,8004,caught
2561,red,8003,red
2562,racontes,8000,tells
2563,deviner,7998,guess
2564,recommencer,7998,restart
2565,dis-tu,7995,you say
2566,complet,7995,completely
2567,crimes,7994,crimes
2568,maggie,7990,Maggie
2569,crème,7988,crème
2570,construit,7987,built
2571,excusez,7983,Excuse
2572,entraînement,7981,training
2573,centaines,7976,hundreds
2574,calmer,7968,calmer
2575,joueur,7963,player
2576,couloir,7963,corridor
2577,horreur,7959,horror
2578,propriété,7956,property
2579,admettre,7946,admit
2580,matériel,7945,material
2581,verrez,7941,will see
2582,foule,7938,crowd
2583,st,7935,st
2584,réaction,7931,reaction
2585,ennuie,7928,bored
2586,laura,7925,laura
2587,pub,7908,pub
2588,hiver,7907,winter
2589,manteau,7893,coat
2590,pis,7893,bad
2591,débile,7891,stupid
2592,trouverai,7884,will find
2593,conseiller,7872,advise
2594,humanité,7870,humanity
2595,studio,7865,studio
2596,josh,7862,josh
2597,lapin,7861,Lapland
2598,désert,7860,desert
2599,combattre,7853,combat
2600,big,7848,big
2601,julie,7839,julie
2602,boutique,7834,boutique
2603,fonds,7832,funds
2604,voient,7817,see
2605,états-unis,7814,UNITED STATES
2606,reviendrai,7801,will come back
2607,ramené,7799,brings back
2608,discussion,7794,discussion
2609,connaissait,7789,knew
2610,vegas,7787,vegas
2611,sir,7783,sir
2612,fiancée,7783,fiancée
2613,remonter,7778,go back up
2614,incendie,7777,fire
2615,arbres,7773,trees
2616,conseils,7770,advice
2617,géniale,7766,brilliant
2618,messages,7765,messages
2619,ex,7752,ex
2620,surface,7746,surface
2621,appellent,7737,call
2622,atteint,7733,reached
2623,recommence,7726,start again
2624,curieux,7711,curious
2625,lucy,7710,lucy
2626,ascenseur,7708,elevator
2627,mars,7704,mars
2628,apprend,7693,learn
2629,abri,7689,shelter
2630,larmes,7677,tears
2631,dites-vous,7677,you say
2632,impliqué,7674,implied
2633,répéter,7672,repeat
2634,pardonner,7672,forgive
2635,donnerai,7671,will give
2636,soi,7669,self
2637,marine,7664,marine
2638,cadavre,7663,corpse
2639,o.k.,7658,OK.
2640,front,7654,front
2641,uniquement,7652,uniquely
2642,traîner,7646,hang out
2643,rare,7642,rare
2644,permet,7639,allow
2645,stan,7638,stan
2646,parking,7633,parking
2647,morceaux,7632,parts
2648,réussir,7625,succeed
2649,morgan,7625,morgan
2650,empêche,7624,stop
2651,traversé,7615,crossed
2652,américaine,7615,American
2653,hank,7615,hank
2654,décide,7613,decided
2655,doué,7611,gifted
2656,gloire,7607,glory
2657,gang,7604,gang
2658,communauté,7601,community
2659,plaisantes,7598,pleasant
2660,déclaration,7596,statement
2661,jones,7594,jones
2662,portait,7593,wore
2663,croient,7592,believe
2664,projets,7590,projects
2665,frontière,7590,border
2666,saute,7585,saute
2667,hais,7582,say
2668,laissée,7581,left
2669,suivez-moi,7579,follow me
2670,prénom,7569,first name
2671,tenter,7565,to attempt
2672,liaison,7565,liaison
2673,cérémonie,7565,ceremony
2674,fasses,7562,do
2675,vivent,7560,live
2676,ho,7560,to
2677,océan,7558,ocean
2678,vélo,7556,bike
2679,aimerait,7554,would like
2680,réaliser,7551,realize
2681,poupée,7542,doll
2682,navire,7540,ship
2683,saches,7538,know
2684,parties,7536,parties
2685,patrick,7529,patrick
2686,remplacer,7524,replace
2687,prisonnier,7518,prisoner
2688,ménage,7518,household
2689,porté,7514,door
2690,employés,7510,employees
2691,dépêchez-vous,7505,hurry up
2692,bouton,7503,button
2693,acteur,7493,actor
2694,show,7491,show
2695,julia,7487,julia
2696,mardi,7487,Tuesday
2697,juré,7482,sworn
2698,barry,7481,barry
2699,médecine,7481,medicine
2700,restera,7474,will stay
2701,lourd,7472,heavy
2702,chargé,7469,charge
2703,au-delà,7467,beyond
2704,survécu,7465,survived
2705,bite,7465,bite
2706,soudain,7463,suddenly
2707,voyais,7457,saw
2708,travailles,7456,work
2709,prévenu,7451,warned
2710,regardez-moi,7451,look at me
2711,baisse,7449,drop
2712,filer,7447,filer
2713,rompu,7446,broken
2714,véhicule,7443,vehicle
2715,sauve,7439,Safe
2716,rencontrés,7438,met
2717,emmerde,7428,foul
2718,estomac,7423,stomach
2719,donna,7422,donna
2720,couvrir,7416,cover
2721,meilleures,7416,best
2722,rater,7411,rater
2723,terminée,7410,finished
2724,fred,7409,fred
2725,tâche,7408,stain
2726,réserve,7405,reserve
2727,brûler,7404,burn
2728,chou,7397,chou
2729,réveille,7391,wake up
2730,sentez,7390,feel
2731,ferme-la,7389,shut up
2732,réveille-toi,7388,wake up
2733,etait,7377,was
2734,origine,7375,origin
2735,rêvé,7370,dream
2736,gary,7358,gary
2737,pouviez,7357,could
2738,poursuivre,7357,pursue
2739,actions,7356,actions
2740,tapis,7351,carpet
2741,absence,7350,absence
2742,lâcher,7350,let go
2743,tempête,7344,storm
2744,um,7343,one
2745,souffre,7333,suffer
2746,touchez,7333,touch
2747,cents,7329,cents
2748,rempli,7328,completed
2749,écran,7328,screen
2750,dis-le,7327,say it
2751,victor,7326,victor
2752,affreux,7323,awful
2753,enterrement,7322,funeral
2754,inconnu,7322,unknown
2755,venger,7320,revenge
2756,team,7320,team
2757,feriez,7316,would do
2758,sara,7315,sara
2759,inventé,7314,invented
2760,installer,7311,installer
2761,ya,7301,of
2762,va-t-il,7297,he's going
2763,rythme,7295,pace
2764,étudiants,7294,students
2765,pratique,7293,practical
2766,whisky,7293,whisky
2767,calmez-vous,7289,calm down
2768,travaillez,7287,Work
2769,ballon,7282,ballon
2770,équipage,7282,crew
2771,signes,7278,signs
2772,élèves,7275,students
2773,faites-le,7269,do it
2774,parlera,7264,talk to
2775,attirer,7262,attract
2776,récompense,7258,reward
2777,reconnu,7251,recognized
2778,irait,7249,would go
2779,loup,7247,wolf
2780,traite,7235,treaty
2781,lâchez-moi,7235,Let me go
2782,ca.,7229,that.
2783,vengeance,7229,vengeance
2784,imaginez,7228,Imagine
2785,navré,7226,heartbroken
2786,feront,7219,will do
2787,finis,7219,ended
2788,propose,7213,propose
2789,forcé,7211,strength
2790,lutte,7211,struggle
2791,opportunité,7206,opportunity
2792,personnage,7203,character
2793,2e,7202,2E
2794,boss,7197,boss
2795,arrêtes,7191,stops
2796,convaincu,7191,convinced
2797,allons-nous,7191,Let's go
2798,accompagner,7186,to accompany
2799,essayons,7184,let's try
2800,limite,7175,limit
2801,panique,7168,panic
2802,technologie,7162,technology
2803,brillant,7160,bright
2804,king,7154,king
2805,afrique,7154,Africa
2806,nourrir,7152,to feed
2807,région,7152,region
2808,nathan,7147,nathan
2809,passent,7142,pass
2810,salaire,7137,salary
2811,veille,7135,day before
2812,appelle-moi,7135,call me
2813,ceinture,7132,belt
2814,explication,7131,explanation
2815,chansons,7131,songs
2816,profond,7129,deep
2817,professionnel,7129,professional
2818,possède,7128,possesses
2819,étonnant,7118,amazing
2820,venais,7108,came
2821,casier,7106,locker
2822,jouez,7106,play
2823,roman,7101,roman
2824,sandwich,7094,sandwich
2825,arrives,7094,arrives
2826,nana,7093,nana
2827,nommé,7093,appointed
2828,incident,7093,incident
2829,retournez,7089,return
2830,sophie,7089,sophie
2831,potes,7087,Potes
2832,comité,7082,committee
2833,chine,7061,China
2834,technique,7059,technique
2835,haine,7053,clothes
2836,identifier,7052,identifier
2837,célibataire,7046,Single
2838,jackie,7046,jackie
2839,annoncer,7041,announce
2840,portée,7040,scope
2841,fleur,7040,fleur
2842,roule,7037,rolled
2843,palais,7035,palace
2844,tromper,7034,deceive
2845,lady,7028,lady
2846,attendait,7028,was waiting
2847,jeudi,7024,THURSDAY
2848,abruti,7022,jerk
2849,disiez,7021,say
2850,normalement,7019,Normally
2851,circonstances,7017,circumstances
2852,appelez-moi,7015,call me
2853,canapé,7015,couch
2854,sommes-nous,7000,are we
2855,protège,6997,protected
2856,est-à-dire,6995,that is to say
2857,affronter,6994,confront
2858,connait,6992,know
2859,élève,6989,pupil
2860,pêche,6989,fishing
2861,masque,6985,masque
2862,couvert,6978,covered
2863,extraordinaire,6973,extraordinaire
2864,malheur,6972,misfortune
2865,sentais,6970,Smelt
2866,royaume,6969,kingdom
2867,porc,6965,pig
2868,envoyez,6963,send
2869,brûle,6963,burn
2870,entretien,6961,interview
2871,vingt,6960,twenty
2872,objets,6959,objects
2873,gêne,6959,embarrassed
2874,bloc,6958,bloc
2875,aidera,6953,will help
2876,final,6952,final
2877,conduis,6939,driven
2878,excellente,6937,excellent
2879,brûlé,6937,burnt
2880,amanda,6936,amanda
2881,business,6934,business
2882,sauté,6932,sauté
2883,trouvent,6931,find
2884,ferez,6930,will be
2885,alarme,6925,alarm
2886,laisse-le,6924,leave him
2887,rencard,6924,date
2888,concentrer,6921,focus
2889,étoile,6921,star
2890,engager,6919,engage
2891,singe,6917,singe
2892,colle,6904,hill
2893,ooh,6903,ooh
2894,assistant,6896,assistant
2895,fallu,6894,owed
2896,mm,6893,mm
2897,central,6889,central
2898,prisonniers,6885,prisoners
2899,naturel,6881,natural
2900,essayait,6877,was trying
2901,pardonnez-moi,6875,excuse me
2902,étape,6873,stage
2903,cage,6872,cage
2904,davantage,6867,any further
2905,alliance,6861,alliance
2906,collègues,6855,colleagues
2907,collier,6853,collier
2908,rayon,6851,district
2909,correct,6849,correct
2910,jesse,6845,jesse
2911,gâcher,6843,spoil
2912,quant,6839,as to
2913,assassiné,6837,murdered
2914,placard,6837,placard
2915,soif,6836,thirsty
2916,conditions,6836,conditions
2917,min,6836,min
2918,remis,6835,discarded
2919,russes,6832,Russian
2920,miel,6828,Honey
2921,personnellement,6825,personally
2922,entièrement,6824,entirely
2923,howard,6823,howard
2924,impressionnant,6820,impressive
2925,passes,6820,passes
2926,créature,6820,creature
2927,black,6819,black
2928,lancé,6818,spear
2929,kilomètres,6817,kilometers
2930,sers,6815,sers
2931,échappé,6813,escaped
2932,parte,6810,part
2933,prouve,6808,prove
2934,associé,6805,partner
2935,monnaie,6803,cash
2936,dean,6802,dean
2937,moque,6796,mocking
2938,voisin,6796,I could
2939,clinique,6792,clinical
2940,tape,6791,tape
2941,têtes,6785,heads
2942,lentement,6785,slowly
2943,classique,6783,classic
2944,temple,6777,temple
2945,steven,6776,steven
2946,produits,6775,products
2947,passion,6769,passion
2948,prenne,6765,take
2949,échoué,6764,failed
2950,écouté,6763,listen
2951,existence,6760,existence
2952,correspond,6759,correspond
2953,analyse,6758,analyse
2954,retire,6758,retire
2955,mystère,6756,mystery
2956,maîtresse,6751,mistress
2957,port,6748,port
2958,tension,6740,tension
2959,qualité,6740,quality
2960,nationale,6733,national
2961,respecte,6731,respect
2962,vierge,6730,virgin
2963,piano,6727,piano
2964,secteur,6726,sector
2965,espérons,6726,hope
2966,devoirs,6725,homework
2967,pot,6725,pot
2968,contacter,6723,contact
2969,secrète,6723,secret
2970,dispute,6718,dispute
2971,cigarette,6712,cigarette
2972,manques,6708,gaps
2973,bouffe,6707,bouffe
2974,jugement,6707,judgement
2975,idiots,6707,idiots
2976,courageux,6705,brave
2977,limites,6702,Limits
2978,bibliothèque,6699,library
2979,désir,6693,desire
2980,condition,6688,condition
2981,sales,6685,sales
2982,courrier,6682,mail
2983,volant,6682,flying
2984,merveilleuse,6680,marvelous
2985,fumée,6678,smoke
2986,chanceux,6677,lucky
2987,expert,6674,expert
2988,anne,6674,anne
2989,rick,6673,rick
2990,lève-toi,6672,get up
2991,tasse,6669,taxes
2992,poussé,6669,pushed
2993,étrangers,6666,foreigners
2994,censée,6664,supposed
2995,permettez,6650,Allow
2996,hall,6646,hall
2997,approcher,6642,approach
2998,that,6638,that
2999,greg,6638,greg